final_rank	TargetMol_ID	node_name	consensus_rank_percentile_mean	kg_score_mean	z	GPS_score_zRGES_like_lower_better
1	T1458	Epalrestat	0.11666666666666665	0.9851108687	-1.5364404026651963	-2.1855635058544034
2	T0864	Levothyroxine	0.18333333333333335	0.9242107328	-2.230030818036779	-1.2889623756051896
3	T1784	Everolimus	0.19583333333333333	0.9472055774	-1.0425697072118922	-2.239090412471373
4	T1511L	Daunorubicin	0.22499999999999998	0.781711793	-1.7345911085304349	-2.7419578852503994
5	T0833	Benzoic acid	0.24583333333333335	0.8510237248	-1.383375152364725	-1.8098046290625405
6	T6708	Tolcapone	0.25	0.7916968945999998	-1.9424340737673973	-2.132364617392858
7	T0692	Allopurinol	0.26666666666666666	0.8881060747	-0.8200926006155956	-2.21503800993451
8	T7581	voxelotor	0.26666666666666666	0.8287013223000002	-1.9644974626763871	-1.2889623756051896
9	T1456	Doxorubicin	0.275	0.7589765747999999	-1.839844845935999	-2.276373559658144
10	T1055	Ifosfamide	0.3166666666666667	0.7979439765	-0.8799214925486671	-2.298794022236634
11	T6864	Ixabepilone	0.3416666666666666	0.9718632155	-1.9358303134655883	-0.1659425210295393
12	TQ0197	Acenocoumarol	0.3541666666666667	0.8378456876999999	-1.0329590489776668	-1.2889623756051896
13	T1653	Liothyronine	0.3583333333333334	0.9234692174000004	-0.6720428979902243	-1.2889623756051896
14	T1311	Aminobenzoic acid	0.3583333333333334	0.8364894674	-0.9437424394612464	-1.2889623756051896
15	T60343	Tipiracil	0.3625	0.9480112244	-1.595197869640913	-0.3136273275661065
16	T20681	Estramustine	0.375	0.9652007396	-0.3720259015175566	-1.2889623756051896
17	T3595	T3595	0.375	0.8402707041	-0.7279866192754932	-1.7342038984597323
18	T2346	Enasidenib	0.37916666666666665	0.6612184475	-1.147306432235056	-2.8001729798358515
19	T7060	Amantadine	0.3791666666666667	0.9098123225	-0.4553260823397861	-1.6208678147403996
20	T6906	Tamoxifen	0.3875	0.8641236853	-0.3253985887308669	-2.143065995999512
21	T1583	Vorinostat	0.3875	0.626246959	-2.0367592347448227	-1.944890903475793
22	T0964	Floxuridine	0.39999999999999997	0.8480624406	-1.2960818540145256	-0.9052932875982012
23	TN9827	Dactinomycin	0.4083333333333334	0.9095851463	-0.0497581437707169	-2.552742743970294
24	T1579	Mestranol	0.4083333333333334	0.8288433914	-0.7596434411273267	-1.2889623756051896
25	T21425	Mephenytoin	0.4166666666666667	0.7888499027000002	-0.3280691061077301	-2.5617785335288463
26	T3091	Carmustine	0.4333333333333333	0.8131966208	-2.172012375739839	-0.1719557133114156
27	T1241	Altretamine	0.4375	0.8305070309999999	-0.2524665304209632	-2.2566177732947583
28	T6153	Icotinib	0.4375	0.6952863182	-1.025803248947669	-2.13001091673259
29	T2145	Temsirolimus	0.44166666666666665	0.7857269112	-0.5524994188898579	-1.857382942435237
30	T1408	Capecitabine	0.4458333333333333	0.8132643650999998	-0.6010076563918308	-1.2889623756051896
31	T0489	Flutamide	0.45	0.9573387167	-0.508248187120921	-0.9052932875982012
32	T1261	Medroxyprogesterone Acetate	0.45	0.8081598738	-0.6103372648272253	-1.2889623756051896
33	T2508	Binimetinib	0.45	0.6790741399000001	-1.3066348197449429	-1.395330175221008
34	T2590	Vismodegib	0.4541666666666666	0.9282693037000002	-0.2103536714753797	-1.5687565258118474
35	T2386	Pirfenidone	0.45416666666666666	0.76979246	-0.4711287173651278	-2.054119804008661
36	T6888	Methylene Blue	0.45416666666666666	0.5817520924	-1.2737267451133316	-2.264560326959677
37	T5784	Topotecan	0.4708333333333334	0.7985441885	-1.2874166230797877	-0.7980654237188008
38	T3623	Cobimetinib	0.4708333333333334	0.6758646898	-1.0738261442563948	-1.7713384590679635
39	T0164	Oxaliplatin	0.4791666666666667	0.9109785468	-0.4434540678206715	-1.0442881573772167
40	T4463	Rucaparib	0.4833333333333334	0.8547833304	-0.2620529315893556	-1.2889623756051896
41	T6858	Hydroxyprogesterone caproate	0.4875	0.9648663599	-0.0156674584854489	-1.2889623756051896
42	T10502	Bencyclane	0.4875	0.5896805538000001	-1.026470301721221	-2.16218774776656
43	T0190	Vinorelbine	0.4916666666666667	0.9376459374	-0.8146211918533542	-0.1400015265672285
44	T8348	Phentolamine	0.4916666666666667	0.6820743103000001	-0.9310463374694308	-1.7590759665671325
45	T1284	Megestrol acetate	0.5166666666666666	0.8262241677	-0.2722519910149358	-1.2889623756051896
46	T1792	Regorafenib	0.5166666666666666	0.8102484019	-0.7307651416123635	-0.9853526524298872
47	T2O2731	Aspartic acid	0.5208333333333334	0.7532585273999999	-1.3064708292251743	-0.7957260585039574
48	T0010	Mercaptopurine	0.5291666666666667	0.6804847914999997	-0.8010056724480098	-1.2889623756051896
49	T0407	Edaravone	0.5375	0.7351478211	-0.5732605497668734	-1.2889623756051896
50	T22405	Pravastatin	0.5416666666666666	0.7594107792000001	-0.3536437572059563	-1.4747599196537522
51	T8452	Dantrolene	0.5541666666666667	0.5788753103	-2.1848566714848707	-1.0098316466314443
52	T6487	Encorafenib	0.5625	0.6330488573999999	-0.2745916340754771	-2.656759638602668
53	T2076	Pimavanserin	0.5708333333333333	0.8484445809000001	-0.2823654547700511	-0.9052932875982012
54	T1558	Resveratrol	0.5750000000000001	0.7739324174000001	-1.508634472627452	-0.0097380246135406
55	T3015	Olaparib	0.5750000000000001	0.7188085686	-1.4961949894705124	-0.2877359947079501
56	T1537	Sirolimus	0.5916666666666667	0.7499854562	-1.069513786243955	-0.5072902558885679
57	T1485	Methotrexate	0.5916666666666667	0.6887947771000001	-1.8650278502091848	-0.1122572159098075
58	T2125	Trametinib	0.5916666666666667	0.6759485145999998	-1.252682268584247	-0.9052932875982012
59	T21340	Pergolide	0.5958333333333333	0.6825060344999998	-0.4583111190894329	-1.2889623756051896
60	T0393	Anastrozole	0.6	0.7806451064	-0.2060312389337631	-1.2889623756051896
61	T3S0209	Vincristine	0.6	0.6490091649000002	-1.813876642642412	-0.388997082438711
62	T3211	Midostaurin	0.6124999999999999	0.7009695700999999	-0.2229133804120572	-1.840613486319349
63	T60736	Warfarin	0.6166666666666667	0.6170690298	-0.6770852530905362	-1.2889623756051896
64	T6651L	Safinamide	0.625	0.7962584508	-0.418634455581541	-0.7242605819408333
65	T3278	Piribedil	0.6291666666666665	0.726424644	-0.2597601201782122	-1.2889623756051896
66	T2586	Cabozantinib	0.6333333333333333	0.9660797509	-0.146846093762304	-0.1329393251849042
67	T2216	Entacapone	0.6416666666666666	0.6029741263	-0.07330508722008	-2.298794022236634
68	T0476	Spironolactone	0.6458333333333334	0.7455451766	-0.061563452297791	-1.4747599196537522
69	T2383	Panobinostat	0.65	0.5771617333	-0.1567186529346836	-2.4596680661233474
70	T0379	Risedronic Acid	0.6666666666666666	0.7769422988999999	-0.3556690786249127	-0.7242605819408333
71	T6795	Carbidopa	0.6833333333333332	0.7679879911	-0.3336532606281308	-0.749244319935688
72	T2456	Tivozanib	0.6875	0.9026342309999998	-0.0496934417383124	-0.2637279309153592
73	T2548	Diflorasone	0.7000000000000001	0.5800815443	-0.2958158748440156	-1.2889623756051896
74	T2407	Tiagabine	0.7458333333333332	0.7184560053	-0.2151342632411337	-0.939799064895262
75	T0132	Etoposide	0.7541666666666668	0.7418789389999999	-0.252738628356672	-0.585975103167165
76	T7939	Fingolimod	0.7541666666666668	0.6952325166	-0.443110627872045	-0.461654131435035
77	T7469	Alendronic Acid	0.7541666666666668	0.5648893199999998	-1.2332006452869049	-0.0240262180042857
78	T0949	Tranexamic acid	0.7833333333333333	0.5913735741	-0.7924810429031508	-0.0194255862719631
79	T21405	Fluvastatin	0.85	0.6279423303	-0.262252826784737	-0.1686472077753297
80	T1120	Dacarbazine	0.9416666666666668	0.5845108263000001	-0.1019939700843231	-0.0514209240409776
